NOME_DO_LOCAL,ENDERECO,WHATSAPP,ITENS_DISPONIVEIS,ITENS_EM_FALTA,LATITUDE,LONGITUDE,CIDADE
CENTRO HUMANISTA,"Av. baltazar de oliveira garcia, 2132 - Porto Alegre - Rio Grande do Sul",https://chat.whatsapp.com/Fs967Q6vvIn6F77pBUTnyF,Água,"Lanternas, Roupas para crianças, Comidas Não Perecíveis, Pratos, Lençóis, Cadeiras (tipo de praia), Absorventes higiênicos, Kits de primeiros socorros, Fórmula infantil, Colchões",-30.0106249,-51.1227617,Porto Alegre
IGREJA HEBROM - CANOAS,Av Esperança 1560 - Rio Grande do Sul,51992726416,Água,"Caixas de papelão , Lixeiras, Carne Gado, Gaze, Termômetro, luvas, Álcool, Repelente, Massa, Descarpack Caixa",-29.3646459,-51.6657692,Boa Vista do Sul
SIMERS,"Rua Coronel Corte Real, 975 - Petrópolis, Porto Alegre - Rio Grande do Sul",Não informado,Água,"Mamadeira, Roupas para crianças, Soro, Chupeta/bico, Gaze, Lenços umedecidos, Sabonetes, Escova de dentes, Repelente, Colchões",-30.049224,-51.195563,Porto Alegre
ULBRA PRÉDIO 55 - CANOAS,"Av. Farroupilha, 8001 - São José, Canoas - RS, 92425-020 - Rio Grande do Sul",51984096445,Água,"Shampoo e Condicionador, Plus Size/GG, Pás, Desodorante , Voluntário - Noite, Shampoo, Veterinários, Luvas, Remédios básicos, Roupas íntimas",-29.8862227,-51.166325,Canoas
ASSOCIAÇÃO MORADORES JARDIM LUCIANA - SÃO LEOPOLDO,"Rua Tio Tiete, 510 - Jardim Luciana - Rio Grande do Sul",Não informado,Água,"Medicamentos prescritos, Comidas Não Perecíveis, Turnos de manhã, Pratos, Lençóis, Absorventes higiênicos, Turnos de noite, Fraldas, Fórmula infantil, Colchões",-29.3646459,-51.6657692,Boa Vista do Sul
PARÓQUIA SANTA CLARA,"Estrada João De Oliveira Remião, 4444 - Lomba Do Pinheiro - Rio Grande do Sul",Não informado,Água,"Comidas Não Perecíveis, Ventilador, Roupa Íntima (adulto) Feminina E Masculina, Luvas De Limpeza, Toalhas de banho, Ventiladores, Repelente, Vassouras, Massa, Sacos de lixo",-30.1081531,-51.112884,Porto Alegre
IGREJA REVIVER,"Av. Edgar Pires De Castro, 803 - Hípica - Rio Grande do Sul",51984932401,Água,"Pomadas, Feijão , Tênis, Chinelos, Oléo, Roupas para frio, Leite em pó, Vassouras, Luvas, Roupas íntimas",-30.1566507,-51.1838467,Porto Alegre
USINA DO GASÔMETRO,"na praça em frente ao Gasômetro, astrás do parque Harmonia - Rio Grande do Sul",Não informado,Água,"Gelo, Azitotromicina, Papel higiênico, Absorventes higiênicos, Chinelos, Sacolinhas plasticas para kits , Gás, Ração para animais, Antibiótico , Suco de caixinha ",-29.2261123,-51.3378413,Farroupilha
ESCOLA ARAMY SILVA (EMEF),"R. Chico Pedro, 390 - Camaquã, Porto Alegre - Rio Grande do Sul",Não informado,Água,"Jornal (para xixi e coco), Lanternas, Caixa de areia (gato), Voluntários Para Animais (não Necessariamente Veterinário/a), Alimentos Diets, Luz de Emergência, Kits de primeiros socorros, Lanterna, Lonas, Água",-30.0978373,-51.2416315,Porto Alegre
COLÉGIO MESQUITA,"Av. do Forte, 77 - Rio Grande do Sul",Não informado,Água,"Comidas Não Perecíveis, Lençóis, Travesseiros/almofada, Fraldas, Chinelos masculinos, Voluntário - Noite, Fórmula infantil, Roupas íntimas, Água potável, Itens de limpeza",-30.011603,-51.1536087,Porto Alegre
COLÉGIO RAINHA DO BRASIL,"R. Paulino Chaves, 262 - Santo Antônio, Porto Alegre - Rio Grande do Sul",Não informado,Água,"Roupa Íntima Infantil, Roupas Masculinas G E Gg, Roupa Íntima (adulto) Feminina E Masculina, Chinelos masculinos, Desodorante , Azeite, Roupa íntima masculina e feminina, Roupas femininas G/GG, Roupa plus size, Arroz",-30.05825119999999,-51.2008257,Porto Alegre
GERALDO SANTANA,"Grêmio Geraldo Santana, Rua Luiz De Camões, 337 - Rio Grande do Sul",Não informado,Água,"Roupas grandes, Roupas para crianças, Roupas Masculinas G E Gg, Esponjas De Louça, Roupas para adultos, Sapato Infantil , Turno da madrugada, Sabão em pó , Shampoo, Roupas íntimas",-30.0551779,-51.2009834,Porto Alegre
35 CTG,"Av. Ipiranga, N° 5300 - Jardim Botânico Poa - Rio Grande do Sul",https://www.instagram.com/35ctg_oficial/,Água,"Lanternas, Comidas Não Perecíveis, Sabonetes, Absorventes higiênicos, Escova de dentes, Colchões, Ração para animais, Roupas íntimas, Sacos de lixo, Pasta de dente",-30.0549881,-51.1869725,Porto Alegre
ESCOLA GRANDE ORIENTE,"R. Wolfram Metzler, 600 - Rio Grande do Sul",Não informado,Água,"Caminhão Pipa, Medicamentos prescritos, Pratos, Cadeiras (tipo de praia), Roupas íntimas, Fralda RN, Sacos de lixo, Produtos de desinfecção (cloro, álcool), Água potável, Copos",-29.6786759,-51.0857556,Campo Bom
MORRO DO SABIÁ,"Rua Ney Castilhos Ferreira, 301 - Pedra Redonda - Rio Grande do Sul",Não informado,Água,"Roupas para crianças, Roupa Íntima (adulto) Feminina E Masculina, Lençóis, Voluntário - Madrugada, Voluntário - Noite, Roupas femininas G/GG, Roupas Femininas, Água potável, Roupa Masculina, Roupas Pluz Size",-30.129124,-51.243047,Porto Alegre
EEEM ALCIDES CUNHA,"R. Hélio Pimpão, 52 - Morro Santana, Porto Alegre - RS, 91450-330 - Rio Grande do Sul",https://chat.whatsapp.com/DyKDqMF0D2IBnr2Dd8i3EB,Água,"Rolo Lona Preta 40m x 6m (mais grossa), Lona, Lona , Fraldas, Voluntário - Noite, Veterinários, Lonas, Fraldas Geriatricas, Cordas, Casinha para cachorro ",-30.0394275,-51.1230777,Porto Alegre
SHOPPING PONTAL,"Endereço: Av. Padre Cacique, 2893 - Cristal, Porto Alegre - Rs, 90810-240 - Rio Grande do Sul",Não informado,Água,"Lar Temporário Para Animais, Lona, Ponto De Resgate, Voluntários Para Animais (não Necessariamente Veterinário/a), Caixas de transporte para pets, Álcool em gel, Lanterna, Coleiras, Veterinários, Repelente ",-30.0792726,-51.24735159999999,Porto Alegre
EMEF GUSMÃO - SÃO LEOPOLDO,"Av. João Correa, 286 - Morro Do Espelho - Rio Grande do Sul",Não informado,Água,"Mascara, Cesta Básica, Roupa Masculina Gg, Escova de dentes, Fraldas, Repelente, Patê Para Cachorro, Luvas, Roupa Infantil Menino, Fita Durex larga",-29.76949,-51.138,São Leopoldo
IFRS DE CANOAS,"Rua Maria Zélia Carneiro De Figueiredo, 870 - Igara - Rio Grande do Sul",51995314966,Água,"Papagaio - Urinar, Papagaio, Desodorante , Shampoo, Cama Geriatria, Escova de cabelo, Toalhas, Cadeira De Rodas, Turnos de manhã, Roupas para adultos",-29.8992429,-51.1513927,Canoas
COLÉGIO MARIA AUXILIADORA,"Av. Guilherme Schell, 5888 - Centro, Canoas - RS, 92310-364 - Rio Grande do Sul",Não informado,Água,"Papel higiênico, Caixa de areia (gato), Leitos para animais, SACOS DE AREIA , Desodorante , Caixa De Transporte, Coleiras, Areia de gato, Lençóis, Chinelos",-29.9174107,-51.1831725,Canoas
ABRIGO NA WALIR ZOTTIS 380 JD. ITU SABARÁ,"Rua Walir Zottis, 380 - Jd. Itu Sabará - Rio Grande do Sul",Não informado,Água,"Macarrão, Desinfetante, Café, Escova de dentes, Desodorante , Feijão, Pente/Escova de cabelo, Arroz, Condicionador , Gilete",-30.0147679,-51.1374376,Porto Alegre
MODULAR,"Av. Santos Ferreira, 3500 - Canoas - Rio Grande do Sul",Não informado,Água,"Alimentos para consumo rápido (Leite, bolacha, suco, etc), Comidas Não Perecíveis, Colher Descartável, Cesta Básica, Coleiras, Água, Cesta Básica, Lanches, Tapete higiênico",-29.9245292,-51.14482100000001,Canoas
CENTRO DE EVENTOS - SÃO LEOPOLDO,"Av. São Borja, 1860 - Rio Branco - Rio Grande do Sul",Não informado,Água,"Roupas para crianças, Papel higiênico, Fórmula infantil, Produtos de desinfecção (cloro, álcool), Copos, Medicamentos veterinários, Cobertores, Medicamentos prescritos, Roupas para adultos, Absorventes higiênicos",-29.7813945,-51.1220368,São Leopoldo
IPA - CENTRO UNIVERSITÁRIO METODISTA,"Rua Coronel Joaquim Pedro Salgado, 80 - Rio Branco, Porto Alegre - Rs, 90420-060 - Rio Grande do Sul",Não informado,Água,"Pão, Roupa Íntima (adulto) Feminina E Masculina, Pão De Sanduíche, Água, Arroz, Sucos, Água potável, Papel toalha, TELAS / CHIQUEIROS , Papel higiênico",-30.03396669999999,-51.1971475,Porto Alegre
COLÉGIO JÚLIO DE CASTILHOS,"Av. Piratini, 76 - Santana, Porto Alegre - Rs, 90040-160 - Rio Grande do Sul",51984525490,Água,"Banana, Cebola, Frutas, Alface, Tomate, Luva G, Jogo de cartas, baralho, dama e dominó, etc, Seringa De Insulina, Desodorante , Seringa 3 E 5ml Com Agulha 70x30",-30.0441372,-51.2127628,Porto Alegre
CETE MENINO DEUS,"R. Gonçalves Dias, 700 - Menino Deus, Porto Alegre RS, 90130-060 - Rio Grande do Sul",https://chat.whatsapp.com/IfqeUKTePcQLKr5sNeJUf4,Água,"Medicamentos prescritos, Comidas Não Perecíveis, Toalhas, Álcool em gel, Fórmula infantil, Lanterna, Repelente , Água potável, ROUPAS INTIMAS - CUECAS - G , Bermuda Masculina",-30.0566012,-51.2196691,Porto Alegre
CAIXEIROS VIAJANTES,"Rua Dona Laura, 646 - Rio Branco, Porto Alegre - Rio Grande do Sul",Não informado,Água,"Roupas para crianças, Repelente, Hipoglós, Água potável, Talheres, Tapetes higiênicos, Papel higiênico , Papel toalha, Guardanapo de papel, Papel higiênico",-30.0292037,-51.19914989999999,Porto Alegre
AABB,"Av. Cel. Marcos, 1000 - Pedra Redonda, Porto Alegre - RS, 91760-000 - Rio Grande do Sul",Não informado,Água,"Médicos, Pratos, Psicólogos, Veterinários, Roupas íntimas, Talheres, Papelão, Comidas Não Perecíveis, Lençóis, Voluntário - Madrugada",-30.1240686,-51.2457055,Porto Alegre
SOCIEDADE RECREATIVA BANGU - SÃO LEOPOLDO,"Rua Do Carioca, 345 - São João Batista - Rio Grande do Sul",Não informado,Água,"Médicos, Kits de primeiros socorros, Colchões, Água potável, Cobertores, Talheres, Pratos, Fraldas, Fórmula infantil, Produtos de desinfecção (cloro, álcool)",-29.7897144,-51.1665863,São Leopoldo
EEEM PROFª MARGOT T.N. GIACOMAZZI,"Rua Arroio Do Sal 55, Bairro Estância Velha, Canoas/rs - Rio Grande do Sul",5151982093933,Água,"Medicamentos prescritos, Voluntário - Manhã, Fórmula infantil, Roupas íntimas, Produtos de desinfecção (cloro, álcool), Medicamentos veterinários, Leitos para animais, Absorventes higiênicos, Fraldas, Sacos de lixo",-29.90791,-51.147272,Canoas
LINDÓIA TÊNIS CLUBE,"Tv. Cmte. Gustavo Cramer, 90 - Jardim Lindóia, Porto Alegre - RS, 91050-190 - Rio Grande do Sul",Não informado,Água,"Roupas para crianças, Roupa Masculina Gg, Roupa Infantil 8-10 Anos, Roupa Masculina Adulta, Roupas íntimas, Roupa Masculina, Absorventes higiênicos, Fórmula infantil, Assistentes Sociais, Produtos de desinfecção (cloro, álcool)",-30.0028995,-51.1517602,Porto Alegre
IGREJA LUTERANA CONGREGAÇÃO SÃO PAULO,"Rua Cipó, 450 - Vila Ipiranga, Porto Alegre - Rio Grande do Sul",51991998738,Água,"Cesta Básica, Leite, Fralda P, Roupas para crianças, Embalagem descartável para as marmitas, Lixeiras, Desinfetante, Chupeta/bico, Papel higiênico, Roupas para adultos",-30.0199672,-51.1587408,Porto Alegre
ABRIGO EXTREMO SUL,"Av. Heitor Vieira 494, Belém Novo - Rio Grande do Sul",Não informado,Água,"Sabonete infantil , Turnos de noite, Fraldas, Turnos de tarde",-30.2108074,-51.182621,Porto Alegre
CTG TIO LAUTÉRIO - SÃO LEOPOLDO,"Av Tharcilo Nunes, 301 - Santo Andre - Rio Grande do Sul",Não informado,Água,"Antipulgas - Animais Pequeno Porte, Coleiras, Ração para animais, Higiene Pessoal, Produtos de higiene",-29.7724161,-51.1132612,São Leopoldo
COLEGIO MAE DE DEUS,"R. Dr. Mário Totta, 1252 - Tristeza, Porto Alegre - Rs, 91920-130 - Rio Grande do Sul",555191528876,Água,"Garfo e faca, Pano de chão, Água potável, Talheres, Roupas íntimas, Sacos de lixo, Pano de prato",-30.1120498,-51.24841499999999,Porto Alegre
IGREJA BATISTA DO PASSO DA AREIA,"Av. Francisco Silveira Bitencourt, 1135 - Sarandi, Porto Alegre - RS, 91150-010 - Rio Grande do Sul",51984235271,Água,"Fórmula infantil, Lanternas, Roupas para crianças, Medicamentos prescritos, Médicos, Papel higiênico, Lençóis, Cadeiras (tipo de praia), Roupas para adultos, Leitos para animais",-29.9933507,-51.1188121,Porto Alegre
IGREJA DA PAZ,"Rua Dim Diogo De Souza 370/390, Cristo Redentor - Rio Grande do Sul",5191511215,Água,"Lanternas, Comidas Não Perecíveis, Repelente, Água potável",-30.01386549999999,-51.1545577,Porto Alegre
PARÓQUIA SANTA LUZIA - CANOAS,"Av. Santos Ferreira, 3850 - Rio Grande do Sul",51991284766,Água,"Colher Descartável, Potes (marmitex), Talheres, Lanternas, Pilha Aa, Guarda-sol, Luz de Emergência, Antipulgas - Animais Pequeno Porte, Repelente, Colchões",-29.3646459,-51.6657692,Boa Vista do Sul
SOGIPA,"R. Barão do Cotegipe, 415 - São João, Porto Alegre - RS, 90540-020 - Rio Grande do Sul",https://chat.whatsapp.com/D28C59oCQL517LqdX1JhtJ,Água,"Pratos, Voluntário - Noite, Talheres, Pomada para assadura, Chinelos, Fraldas, Escova de cabelo, Fraldas Adultas, Roupas íntimas, Meias",-30.0097359,-51.1880348,Porto Alegre
IGREJA BATISTA BRAZA - ZN,"Rua Dona Alzira, 275 - Rio Grande do Sul",https://chat.whatsapp.com/KSBD1ZUHc5B7NcadJxmAHI,Água,"Veterinários, Luvas descartáveis , Papel toalha, Lençóis, Baldes, Desodorante , Álcool em gel, Lanterna, Colchões, Travesseiro",-30.0076442,-51.1379387,Porto Alegre
CAIC MADEZZATTI - SÃO LEOPOLDO,"Av. Integração, 1009 - Feitoria - Rio Grande do Sul",Não informado,Água,"Produtos de desinfecção (cloro, álcool), Medicamentos veterinários, Kits de primeiros socorros, Comidas Não Perecíveis, Fraldas, Remédios básicos, Roupas íntimas",-29.7486023,-51.0973457,São Leopoldo
ESEFID,"R. Felizardo, 750 - Jardim Botânico, Porto Alegre - RS, 90690-200 - Rio Grande do Sul",https://chat.whatsapp.com/GPWQtgnCHEiIHGs29KKnfp,Água,"Água, Talher Descartável , Detergente, Água Sanitária, Chimia, Sabonete Líquido, Luvas descartáveis , Luva de Latex Descartável, Pano De Chão / Saco Alvejado, Leite",-30.0509364,-51.1825257,Porto Alegre
GNU - GRÊMIO NÁUTICO UNIÃO - SEDE MOINHOS DE VENTO,"R. Quintino Bocaiúva, 500 - Moinhos de Vento, Porto Alegre - RS, 90440-050 - Rio Grande do Sul",https://chat.whatsapp.com/GQXallZnpaV3SSfHIKtkeo,Água,"Toalhas, Probiótico Para Animais, Escova Para Limpar Mamadeira, Molho de tomate, Açúcar, Lençóis, Frutas, Fórmula infantil, Colchões, Pente/Escova de cabelo",-30.0219344,-51.1980351,Porto Alegre
ESCOLA PAULO FREIRE,"R. Ernesto Che Guevara, 281 - Guajuviras, Canoas - Rs, 92440-848 - Rio Grande do Sul",51981424661,Água,"Voluntário - Tarde, Voluntário - Manhã, Voluntário - Noite",-29.8904101,-51.1292424,Canoas
IGREJA DA LAGOINHA,"R. Prof. Guerreiro Lima, 476 - Partenon Porto Alegre - Rs, 91530-190 - Rio Grande do Sul",Não informado,Água,"Comidas Não Perecíveis, Papel higiênico, Pratos, Roupas para adultos, Roupas leves, Sacos de lixo, Produtos de desinfecção (cloro, álcool), Copos, Talheres",-30.0585149,-51.1544922,Porto Alegre
UNIRITTER - CAMPUS FAPA,"Av. Manoel Elias, 2001 - Passo Das Pedras, Porto Alegre - Rs, 91240-261 - Rio Grande do Sul",51981405764,Água,"Roupa Íntima Infantil, Pão, Papel toalha, Roupas para crianças, Desinfetante, Toucas, Pratos, Luvas Descartáveis, Colher Descartável, Café",-30.0330961,-51.121655,Porto Alegre
COLÉGIO ROSÁRIO,"Praça Dom Sebastião, 2 - Independência, Porto Alegre - RS, 90035-080 - Rio Grande do Sul",Não informado,Água,"Sabonetes, Água potável, Lenço umedecido ",-30.0302541,-51.2184298,Porto Alegre
BOM JESUS,"Bom Jesus, Rua Dezessete Numero 80 - Rio Grande do Sul",5199217‑5830,Água,"Medicamentos prescritos, Água potável, Ventilador",-30.0455313,-51.1579574,Porto Alegre
PARÓQUIA DIVINO ESPÍRITO SANTO,"R. Bôrtolo Barbieri, 80 - Jardim São Pedroporto Alegre - Rs, 91040-160 - Rio Grande do Sul",5185534090,Água,"Luminárias com pedestal para área saúde 1m altura pelo menos, Gelo, Ganchos para montar varal, Plus Size/GG, Freezer para armazenar comida, Máquina de lavar roupa, Luvas para limpeza, Bermudas, Assento para vaso sanitário, Calçado masculino",-30.0049773,-51.1652791,Porto Alegre
CASA DE ABRIGO DE ANIMAIS,"R. Dr. Barbosa Gonçalves 61, Chácara Das Pedras - Porto Alegre - Rio Grande do Sul",Não informado,Água,"Cadeiras (tipo de praia), Leitos para animais, Kits de primeiros socorros, Ventiladores, Jornal/Papelão , Colchões, Travesseiro, Sacos de lixo, Água potável, Medicamentos veterinários",-30.0350946,-51.1617453,Porto Alegre
UNILASALLE CENTRO - CANOAS,"Av. Victor Barreto, 2288 - Rio Grande do Sul",51989072153,Água,"Roupas íntimas, Feijão , Carne Gado, Frios, Café, Massa, Carne Frango, Arroz, Farinha",-29.9174051,-51.1802408,Canoas
IGREJA CASA CHURCH RERSTINGA,"Av. Ignês E Fagundes, 1248-1210 - Restinga, Porto Alegre - Rio Grande do Sul",Não informado,Água,"Comidas Não Perecíveis, Lanternas, Kits de primeiros socorros, Fórmula infantil, Remédios básicos, Sacos de lixo, Produtos de desinfecção (cloro, álcool), Copos, Medicamentos veterinários",-30.1463435,-51.1449655,Porto Alegre
EDGAR FONTOURA,"R. São Pedro, 555 - Mal. Rondon, Canoas - Rs, 92020-480 - Rio Grande do Sul",51993145966,Água,"Colchões, Chupeta/bico, Travesseiros, Toalhas de banho, Fronhas, Pente/Escova de cabelo, Água, Elástico Para Cabelo",-29.9181301,-51.1691393,Canoas
AFISVEC,"Rua salvador calamussi, 56 - Cavalhada, Porto Alegre - Rio Grande do Sul",Não informado,Água,"Água potável, Roupas plus size feminina, Roupas leves, Voluntário - Noite, Coleiras, Bermudas, Roupas Pluz Size, Cordas",-30.09702829999999,-51.2269952,Porto Alegre
COLÉGIO SANTA DOROTEIA,"Rua mali, 405 - Cristo Redentor, Porto Alegre - Rio Grande do Sul",Não informado,Água,"Gelo, Malas de Viagem, Roupa Íntima (adulto) Feminina E Masculina, Travesseiros, Chinelos, Frutas, luvas, máscaras, Banheiro Químico (apenas Chuveiro), Bonés",-30.0145034,-51.1494325,Porto Alegre
AABB - CANOAS,"Rua Santa Terezinha, 860 - Rio Grande do Sul",51989266224,Água,"Fralda P, Comidas Não Perecíveis, Produtos de limpeza, Banana, Pano De Limpeza, Baldes, Água Sanitária, Bolachinha , Pão De Sanduíche, Vassouras e rodos",-29.3646459,-51.6657692,Boa Vista do Sul
CLÍNICA AMETISTA,"R. Portugal, 544 - São João, Porto Alegre - RS, 90520-310 - Rio Grande do Sul",Não informado,Água,"Veterinários, Papel higiênico, Colchões, Coleiras, Sacos de lixo, Produtos de desinfecção (cloro, álcool), Água potável",-30.0134283,-51.1831512,Porto Alegre
ESCOLA EDU.CO - CANOAS,"Av. Inconfidência, 460 - Nossa Sra. Das Gracas, Canoas - Rio Grande do Sul",51993744139,Água,"Escova de dentes, Lenços umedecidos, Desodorante , Shampoo, Roupas Femininas, Fralda XG e XXG, Roupa Masculina",-29.9245355,-51.1757368,Canoas
COLÉGIO ANCHIETA,"Av. Dr. Nilo Peçanha, 1521 - Três Figueiras, Porto Alegre - RS, 91330-000 - Rio Grande do Sul",Não informado,Água,"Roupas para crianças, Papel higiênico, Lençóis, Roupas para adultos, Sabonetes, Absorventes higiênicos, Escova de dentes, Fraldas, Roupas para frio, Colchões",-30.0295382,-51.175124,Porto Alegre
AMRIGS,"Av. Ipiranga, 5311 - Partenon, Porto Alegre - RS, 90610-001 - Rio Grande do Sul",Não informado,Água,"Lanternas, Comidas Não Perecíveis, Papel higiênico, Lençóis, Sabonetes, Absorventes higiênicos, Escova de dentes, Fraldas, Colchões, Ração para animais",-30.057263,-51.186334,Porto Alegre
ABRIGO CRISTO REDENTOR,"Rua Ouro Preto, 408a, Porto Alegre, Bairro Cristo Redentor - Rio Grande do Sul",51994317578,Água,"Creme de pentear, Lençóis, Travesseiros, Lenços umedecidos, Sabonetes, Colchões, Fita adesiva (durex), Roupas íntimas, Água, Sacos de lixo",-30.0026262,-51.155601,Porto Alegre
SESCRS,"Av. Protásio Alves, 6220 - Petrópolis, Porto Alegre - RS, 91310-001 - Rio Grande do Sul",Não informado,Água,"Roupa íntima feminina, Roupas íntimas, toalhas, Copos",-30.0414975,-51.1491262,Porto Alegre
PETMEDIC POA,"R. Carazinho, 335 - Petrópolis, Porto Alegre - Rio Grande do Sul",Não informado,Água,"pallets, Ração gato, tapete higienico, Água",-30.0403943,-51.1835181,Porto Alegre
PUCRS - PARQUE ESPORTIVO,"80 e 81, Av. Ipiranga, 6690 - Partenon, RS, 90619-900 - Rio Grande do Sul",https://chat.whatsapp.com/FThTzwV6WJd3HdJCFRwWOT,Água,"Ventiladores, Capas de chuva, Toalha de Banho, Guarda-chuva",-30.0553383,-51.1736419,Porto Alegre
101 VIRA LATAS (ONG),"Rua Sete Irmãos, 190 - Rio Grande do Sul",Não informado,Água,"Água potável, Leitos para animais, Coleiras, Ração para animais",-29.3646459,-51.6657692,Boa Vista do Sul
GINÁSIO UNISINOS - SÃO LEOPOLDO,"Av. Unisinos, 950 - Rio Grande do Sul",Não informado,Água,"Remédios básicos, Roupas íntimas, Água potável, Cobertores, Roupas para crianças, Alimentos para consumo rápido (Leite, bolacha, suco, etc), Frios, Roupas para adultos, Farinha de trigo, Desodorante ",-29.3646459,-51.6657692,Boa Vista do Sul
CASA DA CRIANCA N SRA AUXILIADORA,"R. Felipe Neri, 78 - Auxiliadora, Porto Alegre - Rs, 90440-150 - Rio Grande do Sul",51993695577,Água,"Cordas, Veterinários",-30.0231652,-51.1949675,Porto Alegre
IGREJA QUADRANGULAR - PARTENON,"Rua Ângelo Barcelos, 35 - Partenon - Rio Grande do Sul",Não informado,Água,"Comidas Não Perecíveis, Papel higiênico, Lençóis, Kits de primeiros socorros, Fraldas, Remédios básicos, Água, Água potável, Copos, Cobertores",-30.0627072,-51.1767702,Porto Alegre
ASTTI,"Beco Souza Costa, 750 - Jardim Ypu, Porto Alegre - Rs, 91450-140 - Rio Grande do Sul",Não informado,Água,"Massinha De Modelar, Roupas plus size masculino, Comidas Não Perecíveis, Roupas plus size feminina, Saco De Lixo De Vários Tamanhos, Chinelos, Baralhos, Roupas íntimas, Erva Mate, Touca Descartável",-30.0486838,-51.1390812,Porto Alegre
GINÁSIO BRIGADA,"R. Cel. Aparício Borges, 2001 - Glória, Porto Alegre - RS, 90680-570 - Rio Grande do Sul",Não informado,Água,"Roupas íntimas, Voluntário - Noite",-30.0707825,-51.1870114,Porto Alegre
COLÉGIO CRISTO REDENTOR,"Av. Inconfidência, 1231 - Bairro Mal. Rondon - 92020-303 - Canoas/rs - Rio Grande do Sul",51996216499,Água,"Jogo de cartas, baralho, dama e dominó, etc",-29.9216539,-51.1693231,Canoas
TESOURINHA [EVACUADO],"Av. Érico Veríssimo, s/n - Menino Deus, Porto Alegre - RS, 90160-180 - Rio Grande do Sul",Não informado,Água,Não informado,-30.0514981,-51.2182643,Porto Alegre
OPINIÃO [EVACUADO],"R. José Do Patrocínio, 834 - Cidade Baixa - Rio Grande do Sul",Não informado,Água,Não informado,-30.0417573,-51.220909,Porto Alegre
DROP BAR [EVACUADO],"R. Gen. Lima e Silva, 1647 - Cidade Baixa, Porto Alegre - RS, 90050-102 - Rio Grande do Sul",Não informado,Água,LOCAL DESATIVADO - CB - nova local Graciliano Ramos 217,-30.0465376,-51.2152249,Porto Alegre
ESTÁDIO OLÍMPICO MONUMENTAL,Bairro Medianeira; entrada pela Azenha - Rio Grande do Sul,Não informado,Água,"Comidas Não Perecíveis, Papel higiênico, Sabonetes, Absorventes higiênicos, Escova de dentes, Fraldas, Colchões, Pasta de dente, Cobertores",-30.0510207,-51.21291489999999,Porto Alegre
IGREJA ANCORA - SÃO LEOPOLDO,Cristopher Levalley 1007 - Rio Grande do Sul,Não informado,Água,"Açúcar, Feijão, Azeite, Sal, Polenta, Arroz",-29.3646459,-51.6657692,Boa Vista do Sul
AABB - SÃO LEOPOLDO,"Rua Cristopher Levalle, 74 - São Borja - Rio Grande do Sul",Não informado,Água,"Papel toalha, Calçados, Desodorante , Talher Descartável , Roupa plus size, Bermuda Masculina",-29.7994986,-51.1058662,São Leopoldo
GINÁSIO REDE CALÁBRIA,"Estrada Aracaju, 650, Vila Nova - Rio Grande do Sul",Não informado,Água,"Comidas Não Perecíveis, Lençóis, Roupas para adultos, Sabonetes, Roupas para frio, Cobertores",-30.101955,-51.2172951,Porto Alegre
RUS UFRGS,"R. Ramiro Barcelos, 2500 - Santana, Porto Alegre - RS, 90035-003 - Rio Grande do Sul",Não informado,Água,"Papel higiênico, Sabonetes, Escova de dentes, Pasta de dente, Água potável",-30.0422139,-51.2077125,Porto Alegre
CCEI RECANTO DA CRIANÇA - SÃO LEOPOLDO,"Av. Feitoria, 2942, Feitoria - Rio Grande do Sul",Não informado,Água,"Fraldas, Colchões, Roupas íntimas, Itens de higiena pessoal, Itens de limpeza",-29.7601014,-51.11001659999999,São Leopoldo
MULHERES EM REDE / CONSEPRO,"João Salomoni, 1083 - Vila Nova - Rio Grande do Sul",Não informado,Água,"Comidas Não Perecíveis, Sabonetes, Escova de dentes, Pasta de dente",-30.1144612,-51.2156123,Porto Alegre
ESCOLA DRUMMOND - CANOAS,"Rua 06, 400 - Setor 5 Quadra X - Guajuviras, Canoas - Rs - Rio Grande do Sul",51991052300,Água,"Achocolatado pronto, Travesseiro, Leite, Cobertores",-29.9089819,-51.1365619,Canoas
AMORJI (ASSOCIAÇÃO IGARA) - CANOAS,"R. Das Azaléias, 189 - Igara Ii, Canoas - Rs, 92410-520 - Rio Grande do Sul",51992810060,Água,"Toalhas de banho, Travesseiros/almofada, Colchões, Roupas de Camas ",-29.9001427,-51.1556636,Canoas
21 BPM,"R. Gov Peracchi Barcellos, 4600 - Restinga, Porto Alegre - Rio Grande do Sul",Não informado,Água,"Voluntário - Tarde, Voluntário - Manhã, Voluntário - Noite, Sacolas Para Montar Kits",-30.1525394,-51.1521074,Porto Alegre
STIHL - SÃO LEOPOLDO,"Av. São Borja, 3000 - Fazenda São Borja - Rio Grande do Sul",Não informado,Água,"Feijão , Molho de tomate, Massa, Arroz",-29.788062,-51.11507899999999,São Leopoldo
SOCIEDADE MAUÁ - SÃO LEOPOLDO,"Av. Feitoria, 3171 - Feitoria - Rio Grande do Sul",Não informado,Água,"Produtos de limpeza, Fralda XG e XXG, Gilete, Água potável",-29.759014,-51.1080984,São Leopoldo
ESCOLA ESPÍRITO SANTO (CANOAS),"R. Tamôio, 3393 - Nossa Sra. Das Gracas, Canoas - Rio Grande do Sul",Não informado,Água,"Sacolas ou sacos plásticos , Roupas para crianças, Roupas para adultos",-29.9304772,-51.1679788,Canoas
ESCOLA ANDRÉ PUENTE - CANOAS,"Rua Victor Kessler, 291 - Centro - Rio Grande do Sul",51997352527,Água,"Técnico De Enfermagem, Médicos, Enfermeiros",-29.3646459,-51.6657692,Boa Vista do Sul
AMVEP [EVACUADO],"Av. 21 de Abril, 792 - Sarandi, Porto Alegre - RS, 91120-630 - Rio Grande do Sul",Não informado,Água,"Escova de dentes, Produtos de desinfecção (cloro, álcool)",-29.9857901,-51.1298725,Porto Alegre
COLÉGIO LUTERANO DA PAZ,"Av. Alcídes São Severiano, 100 - Sarandi, Porto Alegre - RS, 91130-500 - Rio Grande do Sul",Não informado,Água,"Voluntário - Noite, Colchões",-29.9960749,-51.1256287,Porto Alegre
IGREJA MAANAIM,Rua Manoel Marques 433 - Mário Quintana - Rio Grande do Sul,51982674879,Água,"Água, Água potável",-30.0342243,-51.1183503,Porto Alegre
ESCOLA ODETE BARCELOS BERNARDES,Endereço Nossa Senhora Dos Navegantes 572 Itapuã - Rio Grande do Sul,51997670503,Água,"Comidas Não Perecíveis, Produtos de desinfecção (cloro, álcool)",-30.279675,-51.014683,Viamão
PASTOR RODRIGO TAVARES - AGRONOMIA,"Av. Bento Gonçalves, 6623 - Agronomia - Rio Grande do Sul",51983042275,Água,"Cobertores, Talheres",-30.0669926,-51.1502728,Porto Alegre
IGREJA RESSURREIÇÃO,"R. Caiapó, 96 - Vila Monte Carlo Cachoeirinha - Rs, 94940-040 - Rio Grande do Sul",Não informado,Água,Jornal (para xixi e coco),-29.9367563,-51.0882675,Cachoeirinha
PROBICHO,Edgar Pires De Castro 10195 - Rio Grande do Sul,51993261658,Água,Leitos para animais,-30.183125,-51.1408857,Porto Alegre
IGREJA LUGAR DE ADORAÇÃO,"Av. Bento Gonçalves, 7196 - Agronomia - Rio Grande do Sul",51991912752,Água,Colchões,-30.0687806,-51.1438099,Porto Alegre
ENJOY SUSHI,"Av. Cel. Marcos, 1085 - Ipanema, Porto Alegre - Rs, 91760-000 - Rio Grande do Sul",555194301313,Água,Roupas íntimas,-30.12439,-51.24562,Porto Alegre
ESCOLA SANTOS DUMONT,"R. Caeté, 328 - Vila Assunção, Porto Alegre - Rs, 91900-180 - Rio Grande do Sul",Não informado,Água,Cordas,-30.1026238,-51.260195,Porto Alegre
IGREJA DEUS É AMOR,"Rua Padre Cornélio, 33 - Partenon Porto Alegre - Rs, 91520-624 - Rio Grande do Sul",51999595550,Água,Não informado,-30.0669109,-51.169641,Porto Alegre
VOLPE,"Av. Venâncio Aires, 711 - Santana, Porto Alegre - RS, 90040-193 - Rio Grande do Sul",Não informado,Água,Não informado,-30.0396752,-51.2133431,Porto Alegre
IGREJA RHEMA IN CHURCH - CANOAS,"Rua Austrália, 61 Bairro Marechal Rondon Canoas - Rio Grande do Sul",51981541423,Água,Não informado,-29.9083793,-51.1761685,Canoas
CEPE - PETROBRAS - CANOAS,"Av. Getúlio Vargas, 11.001 - São José, Canoas - Rs, 92426-000 - Rio Grande do Sul",51996686394,Água,Não informado,-29.87016029999999,-51.166382,Canoas
ESCOLA DRUMOND GUAJUVIRAS - CANOAS,"Rua 06, 400 - Setor 5 Quadra X - Guajuviras, - Rio Grande do Sul",51991052300,Água,Não informado,-29.8914008,-51.1219552,Canoas
SANTUÁRIO SÃO CRISTÓVÃO - CANOAS,"R. Tupi, 228 - Igara, Canoas - Rs, 92410-310 - Rio Grande do Sul",51981325736,Água,Não informado,-29.8973389,-51.1734922,Canoas
IGREJA ENCONTROS DE VIDA - CANOAS,Rua Alexandre De Gusmão 1844 - Rio Grande do Sul,51996267303,Água,Não informado,-29.3646459,-51.6657692,Boa Vista do Sul
ABRIGO BURITIS - CANOAS,Rua Buritis 254 Esquina Açucena - Rio Grande do Sul,51981191349,Água,Não informado,-29.3646459,-51.6657692,Boa Vista do Sul
ABRIGO SALÃO PAROQUIAL DA CIDADE ALTA,"R. Cel. José Maciel, 241 - Cidade Alta - Santo Antônio Da Patrulha - Rs, 95500-000 - Rio Grande do Sul",Não informado,Água,Não informado,-29.8211778,-50.51750089999999,Santo Antônio da Patrulha
IGREJA VIDA DO REINO,"Rua Vinte De Setembro, 1143, Barnabé, Gravataí, 94150010 - Rio Grande do Sul",FabianoLima5199520172,Água,Não informado,-29.9349703,-51.03659709999999,Gravataí
ALIANÇA,"Rua Dário Borba Brossard, 39, Porto Alegre - Rio Grande do Sul",DariPereira,Água,Não informado,-30.0154042,-51.1093424,Porto Alegre
SALÃO PAROQUIAL SÃO JOSÉ,"Avenida Artur Emílio Jenisch, 296, Cerro Grande - Rio Grande do Sul",RicardoBatista,Água,Não informado,-30.5931124,-51.7500697,Cerro Grande do Sul
ESCOLA GOMES JARDIM,"Rua Ney Brito, 58 - Nossa Senhora Das Gracas, Canoas - Rs, 92.030-210 - Rio Grande do Sul",Anderson51993441409,Água,Não informado,-29.9291766,-51.151899,Canoas
COLAZIOL SCOTTA - CANOAS,"Av. Boqueirão, 2911 - Estância Velha, Canoas - Rs, 92031-200 - Rio Grande do Sul",51999668887,Água,Não informado,-29.9056903,-51.1464413,Canoas
PARÓQUIA NOSSA SENHORA DE LOURDES,Rua Marabá 2231 - Rio Grande do Sul,5151982093933,Água,Não informado,-29.3646459,-51.6657692,Boa Vista do Sul
ESCOLA JACOB LONGONI,"Porto Seguro, 197, Canoas - Rio Grande do Sul",Marcelodiretor+5551992887184,Água,Não informado,-29.9077898,-51.1847036,Canoas
COLÉGIO GOMES JARDIM - CANOAS,"Av. Santos Ferreira, 2818 - Mal. Rondon - Rio Grande do Sul",51993345657,Água,Não informado,-29.928353,-51.1517433,Canoas
AABB - GRAVATAÍ,"Rua Vânius Abílio Dos Santos, 999, Gravataí - Rs - Rio Grande do Sul",Renan5185404194,Água,Não informado,-29.9198596,-50.996578,Gravataí
CENTRO ASSISTENCIAL PAZ - SEMEAR,"Tarcila Moraes Dutra, 799, Porto Alegre - Rio Grande do Sul",CarlaFloriano51984707285,Água,Não informado,-29.9980207,-51.0932043,Porto Alegre
CENTRO DESPORTIVO MUNICIPAL CDM - SANTA MARIA,"Rua Appel 798, Santa Maria -rs, Cep: 97015-140 - Rio Grande do Sul",Não informado,Água,Não informado,-29.6951653,-53.81696359999999,Santa Maria
ACADEMIA SEICHO-NO-IE - SANTA TECLA,"Bruno Wulff, 565, Santa Tecla, Gravataí - Rio Grande do Sul",CarolineMachadoMartins5199837510,Água,Não informado,-29.8247604,-51.0314094,Gravataí
GINÁSIO AABB,"Rua Cel. Alberto Rosa, 580, Pelotas - Rio Grande do Sul",Não informado,Água,Não informado,-31.7701709,-52.3356456,Pelotas
PARÓQUIA SÃO VICENTE DE PAULO,"Papa João Xxiii, 316, Bairro São Vicente De Paulo - Cachoeirinha - Rio Grande do Sul",Não informado,Água,Não informado,-29.9527481,-51.0942474,Cachoeirinha
PARÓQUIA SÃO JOSÉ - BARRA DO RIBEIRO,"Rua Araújo Ribeiro, 189, Barra Do Ribeiro - Rio Grande do Sul",Não informado,Água,Não informado,-30.29152929999999,-51.3013397,Barra do Ribeiro
ESCOLA ESTADUAL CRISTO REI - SÃO LEOPOLDO,"Rua Roque Gonzales, Sn - Cristo Rei - Rio Grande do Sul",Não informado,Água,Não informado,-29.778919,-51.1512522,São Leopoldo
GINÁSIO DA PAROQUIA IMACULADA CONCEIÇÃO,"R. João Lourenço Schaefer, 609 - Centro, Igrejinha - Rs, 95650-000 - Rio Grande do Sul",Não informado,Água,Não informado,-29.5742629,-50.79112019999999,Igrejinha
EMEF MÁRIO FONSECA - SÃO LEOPOLDO,"Av. João De Cesario, S/n Arroio Da Manteiga - Rio Grande do Sul",Não informado,Água,Não informado,-29.7216634,-51.1875166,São Leopoldo
COLÉGIO KENNEDY,"Av. Alcídes São Severiano, 99 - Sarandi, Porto Alegre - Rs, 91130-500 - Rio Grande do Sul",51995953141,Água,Não informado,-29.9948945,-51.1264353,Porto Alegre
EEEF GONÇALVES DIAS - IAPI [EVACUADO],"R. Candiota, 145 - Passo d'Areia, Porto Alegre - RS, 91030-020 - Rio Grande do Sul",Não informado,Água,Não informado,-30.0105687,-51.1738554,Porto Alegre
PAROQUIA SANTA ISABEL - VIAMÃO,"Avenida Liberdade N° 1826, Santa Isabel, Viamão - Rio Grande do Sul",Não informado,Água,Não informado,-30.0656309,-51.1068945,Viamão
IGREJA IMPACTANDO GERAÇÕES,"Bernardino Silveira Amorim, 1479 - Rio Grande do Sul",51982658855,Água,Não informado,-29.3646459,-51.6657692,Boa Vista do Sul
WEBMAX (STUDIO KANGOO),"Av. Boqueirão, 1871 - Igara, Canoas - Rio Grande do Sul",Não informado,Água,Não informado,-29.9053871,-51.157363,Canoas
PROJETO SURFAR,"R. Borborema, 687 - E 691 - Vila Joao Pessoa, Porto Alegre - Rio Grande do Sul",Não informado,Água,Não informado,-30.0674814,-51.17660799999999,Porto Alegre
ALIANÇA CRISTÃ DE PORTO ALEGRE,"Av. Baltazar De Oliveira Garcia, 3580 - Rio Grande do Sul",51998666612,Água,Não informado,-30.0156007,-51.1096686,Porto Alegre
PARÓQUIA NOSSA SENHORA DE MONT SERRAT,"R Anita Garibaldi, 1121 - Mont'serrat, Porto Alegre - Rio Grande do Sul",Não informado,Água,Não informado,-30.02647259999999,-51.1845515,Porto Alegre
MEVAM,"Ernardino Silveira Pastoriza, 880 – Santa Rosa De Lima - Rio Grande do Sul",51983168144,Água,Não informado,-29.99081799999999,-51.099756,Porto Alegre
CF VIKINGS,"Rua Visconde De Pelotas, 473 - Rio Grande do Sul",Não informado,Água,Não informado,-32.0591889,-52.17072899999999,Rio Grande
COZINHA COMUNITÁRIA VIDAS DE LUZ,"Rua Chácara Dos Bombeiros, 01 (zona Leste) - Rio Grande do Sul",Não informado,Água,Não informado,-29.3646459,-51.6657692,Boa Vista do Sul
ALOJAMENTO IGREJA - SÃO LEOPOLDO,"Rua 8ª Bc, 694 - Fião - Rio Grande do Sul",Não informado,Água,Não informado,-29.7782048,-51.1547007,São Leopoldo
PARÓQUIA SAGRADA FAMÍLIA,"R. José Do Patrocínio, 954 - Cidade Baixa, Porto Alegre - Rio Grande do Sul",Não informado,Água,Não informado,-30.0424264,-51.22011879999999,Porto Alegre
IGREJA BETEL,"AV. Bernadino Silveira Pastoriza, 771 - Bairro Santa Rosa - Rio Grande do Sul",51984414614,Água,Não informado,-27.8709283,-54.4833028,Santa Rosa
IGREJA QUADRANGULAR - COSTA E SILVA,Avenida Dante Ângelo Pilla 285 / Costa E Silva - Rio Grande do Sul,Não informado,Água,Não informado,-30.0125509,-51.1184693,Porto Alegre
IGREJA ASSEMBLEIA DE DEUS,"Rua Cinco, 60, Vila Das Laranjeiras - Rio Grande do Sul",Não informado,Água,Não informado,-32.0407893,-52.1016953,Rio Grande
CRE BRASIL,"A J Renner 1275 - Estância Velha, Canoas - Rio Grande do Sul",Não informado,Água,Não informado,-29.915818,-51.146055,Canoas
ESCOLA VICTOR ISLER,"R. Dezenove De Fevereiro, 330 - Mário Quintana, Porto Alegre - Rio Grande do Sul",Não informado,Água,Não informado,-30.0353319,-51.1167863,Porto Alegre
IGREJA CRISTÃ FILADÉLFIA,"Oscar Pereira, 1434 - Rio Grande do Sul",51982850345,Água,Não informado,-29.3646459,-51.6657692,Boa Vista do Sul
ESPAÇO COMUNITÁRIO MULTIPLICIDADE POA,"Rua 6 De Novembro, 332 - Mário Quintana, Porto Alegre - Rio Grande do Sul",Não informado,Água,Não informado,-30.0331154,-51.1176897,Porto Alegre
ESTACIONAMENTO BOURBON ASSIS BRASIL,"Av. Assis Brasil, 164 - São João, Porto Alegre - Rio Grande do Sul",Não informado,Água,Não informado,-30.0063911,-51.1843574,Porto Alegre
COZINHA SOLIDÁRIA MÃOS QUE ACOLHEM,"Rua Dos Canudos, 625- Cascata - Rio Grande do Sul",Não informado,Água,Não informado,-30.0951111,-51.1715937,Porto Alegre
BNB CHURCH,"Av. Ipiranga, 8223 - Jardim Botânico, Porto Alegre - Rio Grande do Sul",Não informado,Água,Não informado,-30.0579891,-51.1547882,Porto Alegre
CASA DA JUVENTUDE MARISTA,"Estrada Aracaju, 651 - Vila Nova, Porto Alegre - Rio Grande do Sul",Não informado,Água,Não informado,-30.103381,-51.21671550000001,Porto Alegre
PARÓQUIA SÃO VICENTE MÁRTIR,"Rua Victor Silva, 186 - Camaquã - Rio Grande do Sul",Não informado,Água,Não informado,-30.1078132,-51.2412989,Porto Alegre
CREMERS,"Rua Bernardo Pires, 415 - Santana, Porto Alegre - Rio Grande do Sul",Não informado,Água,Não informado,-30.0466914,-51.2043267,Porto Alegre
INSTITUTO SÃO FRANCISCO - PALLOTTI,"R. Tupi, 212 - Passo D'areia, Porto Alegre - Rs, 90010-090 - Rio Grande do Sul",51999977133,Água,Não informado,-30.0101547,-51.1696091,Porto Alegre
EMEF MARTIM ARANHA,"R. Cônego Paulo Isidoro De Nadal, 1 - Santa Tereza, Porto Alegre - Rio Grande do Sul",Não informado,Água,Não informado,-30.0846066,-51.2289312,Porto Alegre
CLINICA VET HUG,"R. São Luís, 316 - Santana, Porto Alegre - Rio Grande do Sul",Não informado,Água,Não informado,-30.0458351,-51.2053828,Porto Alegre
ABBA IGREJA,"R. Dona Alzira, 420 - Sarandi, Porto Alegre - Rs, 91110-010 - Jardim Itu - Rio Grande do Sul",Não informado,Água,Não informado,-30.0063804,-51.1384687,Porto Alegre
ESCOLA CUSTÓDIO,"Rua Argemiro Ogando Corrêa, 220 - Serraria, Porto Alegre - Rio Grande do Sul",Não informado,Água,Não informado,-30.1645397,-51.2281356,Porto Alegre
CEEE IPIRANGA,"Av. Ipiranga, 8300 - Rio Grande do Sul",Não informado,Água,Não informado,-32.0467613,-52.0857006,Rio Grande
CTG SENTINELA DOS PAMPAS,"R. Ivo Janson, 31 - Partenon, Porto Alegre - RS, 91530-070 - Rio Grande do Sul",Não informado,Água,Não informado,-30.05773319999999,-51.15952009999999,Porto Alegre
CEEE VILA NOVA,Av. Joaquim Porto Vila Nova - Rio Grande do Sul,Não informado,Água,Não informado,-30.053574,-51.1594639,Porto Alegre
SOCIEDADE HIPICA,"Nossa Senhora De Guadalupe, 249/339 - Hípica, Porto Alegre - Rio Grande do Sul",Não informado,Água,Não informado,-30.16292259999999,-51.1855185,Porto Alegre
COLÉGIO MARISTA ASSUNÇÃO,"R. Dom Bosco, 103 - Glória, Porto Alegre - RS, 91110-460 - Rio Grande do Sul",Não informado,Água,Não informado,-30.0754208,-51.2029509,Porto Alegre
ASSOCIAÇÃO DE MORADORES DA VILA DAS LARANJEIRAS/MORRO SANTANA,"Rua Cinco, 20, Vila Das Laranjeiras (ao Lado Do Posto De Saúde), Morro Santana, Porto Alegre - Rio Grande do Sul",Não informado,Água,Não informado,-30.0468476,-51.1293184,Porto Alegre
NILO 2400,"Av Dr Nilo Pecanha 2400 , Porto Alegre, Bairro Boa Vista - Rio Grande do Sul",5151990197332,Água,Não informado,-30.027971,-51.1683017,Porto Alegre
TEATRO RENASCENÇA [EVACUADO],"Av. Érico Veríssimo, 307 - Menino Deus, Porto Alegre - RS, 90160-181 - Rio Grande do Sul",Não informado,Água,Não informado,-30.0474023,-51.2189333,Porto Alegre
GIGANTINHO,"Avenida Padre Cacique, 891 Ao lado do estádio Beira-Rio - Praia de Belas, Porto Alegre - RS, 90810-240 - Rio Grande do Sul",Não informado,Água,Não informado,-30.065066,-51.2365144,Porto Alegre
CASA MARISTA DA JUVENTUDE CAJU,"Estrada Aracaju, 651 - Vila Nova, Porto Alegre - Rio Grande do Sul",Não informado,Água,Não informado,-30.103381,-51.21671550000001,Porto Alegre
ESCOLA SÃO FRANCISCO,"Rua Victor Silva, 186 - Camaquã, Porto Alegre - RS, 91910-170 - Rio Grande do Sul",Não informado,Água,Não informado,-30.1078132,-51.2412989,Porto Alegre
IGREJA ROSA DE SAROM,"Rua Beco Souza Costa, 174, Morro Santana - Rio Grande do Sul",Não informado,Água,Não informado,-30.0445068,-51.136276,Porto Alegre
APAMECOR (ITEM DUPLICADO: COL. MARISTA ROSÁRIO),"R. Fernando Osório, 1156 - Teresópolis, Porto Alegre - Rs, 91720-330 - Rio Grande do Sul",Não informado,Água,Não informado,-30.092865,-51.20581689999999,Porto Alegre
ASSOCIAÇÃO DOS AUDITORES FISCAIS DA RECEITA ESTADUAL DO RS (AFISVEC),"Rua Salvador Calamucci, 56 - Cavalhada, Porto Alegre, 91740-280 - Rio Grande do Sul",Não informado,Água,Não informado,-30.09702829999999,-51.2269952,Porto Alegre
OAB,Aureliano Figueredo Pinto 620 - Rio Grande do Sul,Não informado,Água,Não informado,-29.3646459,-51.6657692,Boa Vista do Sul
ASSOCIAÇÃO BIBLIOTECA BORORÓ,"Rua Bororó, 21, Vila Assunção, Porto Alegre - Rio Grande do Sul",Não informado,Água,Não informado,-30.097072,-51.2524539,Porto Alegre
ASPIRANTES DE CRISTO,"R. Parlamento, 115 - Morro Santana, Porto Alegre - Rio Grande do Sul",Não informado,Água,Não informado,-30.0397657,-51.120779,Porto Alegre
ASSOCIAÇÃO MORADORES - SÃO LEOPOLDO,"Vila União - R. Islândia, 49 - Rio Grande do Sul",Não informado,Água,Não informado,-29.5614908,-52.8848633,Candelária
ESCOLA ESTADUAL POLISINOS - SÃO LEOPOLDO,"Rua Dom Pedro, 42 - Rio Branco - Rio Grande do Sul",Não informado,Água,Não informado,-30.0334849,-51.2057113,Porto Alegre
ESCOLA ESTADUAL AMADEO ROSSI - SÃO LEOPOLDO,Rua São Sepé Esquina Viamão/sn Morro Santa Teresa - Rio Grande do Sul,Não informado,Água,Não informado,-30.0827721,-51.0340956,Viamão
EMEF TANCREDO NEVES - SÃO LEOPOLDO,"Rua Nove, 678 - Tancredo Neves - Rio Grande do Sul",Não informado,Água,Não informado,-29.692781,-53.8800016,Santa Maria
ESCOLA ESTADUAL JOÃO HILLEBRAND - SÃO LEOPOLDO,"Rua Otto José Bol, S/n - Feitoria - Rio Grande do Sul",Não informado,Água,Não informado,-29.7536013,-51.1080293,São Leopoldo
GINÁSIO PADRE REUS - SÃO LEOPOLDO,"Avenida Mauá, 2767 - Padre Réus - Rio Grande do Sul",Não informado,Água,Não informado,-29.7804647,-51.1434706,São Leopoldo
ASSOCIAÇÃO CAMPO PENHAROL - SÃO LEOPOLDO,"Rua Diamante, S/n - Scharlau - Rio Grande do Sul",Não informado,Água,Não informado,-29.7167589,-51.1620275,São Leopoldo
EEIP MAIOR PINTOR DO MUNDO - SÃO LEOPOLDO,"Av. Feitoria, 2784, Feitoria - Rio Grande do Sul",Não informado,Água,Não informado,-29.7611148,-51.1112818,São Leopoldo
EMEF PAUL HARRIS - SÃO LEOPOLDO,"Rua Montivideu, 57 - Santa Tereza - Rio Grande do Sul",Não informado,Água,Não informado,-29.7843201,-51.140694,São Leopoldo
EMEF DR. PAULO COUTO - SÃO LEOPOLDO,"Rua Veranópolis, 56 Arroio Da Manteiga - Rio Grande do Sul",Não informado,Água,Não informado,-29.7301061,-51.1788213,São Leopoldo
EEIP AQUARELA KIDS - SÃO LEOPOLDO,"Rua Jacob F Rieth, 314, Jardim América - Rio Grande do Sul",Não informado,Água,Não informado,-29.7789096,-51.12858869999999,São Leopoldo
IGREJA KENNED - SÃO LEOPOLDO,"Rua Mercurio, 928 - Santa Tereza - Rio Grande do Sul",Não informado,Água,Não informado,-29.7883768,-51.1309119,São Leopoldo
EEIP CRIANÇA FELIZ - SÃO LEOPOLDO,"Rua Florianópolis, 547, Arroio Da Manteiga - Rio Grande do Sul",Não informado,Água,Não informado,-29.7288387,-51.1817728,São Leopoldo
CTG SEPÉ TIARAJÚ - SÃO LEOPOLDO,"Av. Henrique Bier, 4075 - Campina - Rio Grande do Sul",Não informado,Água,Não informado,-29.7284791,-51.1827903,São Leopoldo
EEEF HAYDEE - SÃO LEOPOLDO,"Rua Jordãnia, S/n - Feitoria - Rio Grande do Sul",Não informado,Água,Não informado,-29.7623378,-51.0901607,São Leopoldo
EMEF JOSÉ GRIMBERG - SÃO LEOPOLDO,Rua Sérgio/ Sn - Boa Vista - Rio Grande do Sul,Não informado,Água,Não informado,-29.6988472,-51.19347029999999,São Leopoldo
EEIP NOVA GERAÇÃO - SÃO LEOPOLDO,"Rua Alberto Uebel, 591, Feitoria - Rio Grande do Sul",Não informado,Água,Não informado,-29.759214,-51.103283,São Leopoldo
EMEF CLODOMIR VIANNA MOOG - SÃO LEOPOLDO,"Rua Leopoldo Karnal, 291 Scharlau - Rio Grande do Sul",Não informado,Água,Não informado,-29.7279003,-51.155395,São Leopoldo
IGREJA - SÃO LEOPOLDO,"Rua Jacob Uebel, 265 - Santo André - Rio Grande do Sul",Não informado,Água,Não informado,-29.7689592,-51.1183808,São Leopoldo
CCEI CRIANÇA JEDIDIAS - SÃO LEOPOLDO,"Rua Carlos Bier, 110, Feitoria - Rio Grande do Sul",Não informado,Água,Não informado,-29.7542768,-51.10173229999999,São Leopoldo
EMEI CARLOS MORAES - SÃO LEOPOLDO,"Av. Integração, 2119 - Feitoria - Rio Grande do Sul",Não informado,Água,Não informado,-29.7612655,-51.0992839,São Leopoldo
EMEF SANTA MARTA - SÃO LEOPOLDO,"Rua Eva Moreira Dos Santos, 48 - Arroio Da Manteiga - Rio Grande do Sul",Não informado,Água,Não informado,-29.7257651,-51.1891166,São Leopoldo
IGREJA MAFT - SÃO LEOPOLDO,Av Feitoria 2944 - Rio Grande do Sul,Não informado,Água,Não informado,-29.7543524,-51.09783470000001,São Leopoldo
IGREJA BATISTA - SÃO LEOPOLDO,"Rua Jorge Meyer, 108 - Feitoria - Rio Grande do Sul",Não informado,Água,Não informado,-29.7522169,-51.09474909999999,São Leopoldo
ASSOCIAÇÃO PARQUE ITAPEMA - SÃO LEOPOLDO,Parque Itapema - Rio Grande do Sul,Não informado,Água,Não informado,-27.0965505,-48.6164234,Itapema
GINÁSIO ALIANÇA ESPORTIVA BOTAFOGO - SÃO LEOPOLDO,"Av. Padre Santin, 760 - Jardim América - Rio Grande do Sul",Não informado,Água,Não informado,-29.7900767,-51.1281113,São Leopoldo
CEPA - SÃO LEOPOLDO,"Rua Rio Paraguaçu, 178 - Arroio Da Manteiga - Rio Grande do Sul",Não informado,Água,Não informado,-29.7232303,-51.1856036,São Leopoldo
COLÉGIO CONCÓRDIA - SÃO LEOPOLDO,"Av. Getúlio Vargas, 4388 - São João Batista - Rio Grande do Sul",Não informado,Água,Não informado,-29.79616,-51.16464999999999,Sapucaia do Sul
EEIP PEQUENA SEMENTE - SÃO LEOPOLDO,"Rua Lupicinio Rodrigues, 253, Arroio Da Manteiga - Rio Grande do Sul",Não informado,Água,Não informado,-29.71636,-51.1871269,São Leopoldo
EMEF HOHENDORFF - SÃO LEOPOLDO,"Rua Eugênio Berger, 100 - Scharlau - Rio Grande do Sul",Não informado,Água,Não informado,-29.725776,-51.1606897,São Leopoldo
OCUPAÇÃO MORADA DO SOL - SÃO LEOPOLDO,Estrada Do Morro Do Paula - Rio Grande do Sul,Não informado,Água,Não informado,-29.3646459,-51.6657692,Boa Vista do Sul
SOCIEDADE UNIÃO - SÃO LEOPOLDO,"Rua Reinaldo Becker, 168 - Scharlau - Rio Grande do Sul",Não informado,Água,Não informado,-29.7310037,-51.1522095,São Leopoldo
EEEM PROF. HAYDEE MELLO ROSTIROLLA - SÃO LEOPOLDO,"R. Jordânia, Sn - Feitoria, São Leopoldo - Rio Grande do Sul",Não informado,Água,Não informado,-29.7623378,-51.0901607,São Leopoldo
PARÓQUIA NOSSA SENHORA AUXILIADORA,"R. 24 De Outubro, 1751 - Auxiliadora, Porto Alegre - Rs, 90510-003 - Rio Grande do Sul",Não informado,Água,Não informado,-30.0221588,-51.1914053,Porto Alegre
PARÓQUIA SÃO ROQUE - SÃO LEOPOLDO,"Rua Henrique Scharlau, S/n (ao Lado Da Emef Paulo Couto) - Rio Grande do Sul",Não informado,Água,Não informado,-29.727583,-51.1521124,São Leopoldo
IGREJA EVANGELICA ASSEMBLEIA DE DEUS CONGREGAÇAO VILA TEREZA - SÃO LEOPOLDO,"Av. John Kennedy 93, Vila Tereza - Rio Grande do Sul",Não informado,Água,Não informado,-29.3646459,-51.6657692,Boa Vista do Sul
ABSTER - SÃO LEOPOLDO,"Rua Monte Videl, 57 - Rio Grande do Sul",Não informado,Água,Não informado,-32.1881839,-52.1583547,Rio Grande
ORBITA - CANOAS,"Rua Liberdade, 980 - Rio Grande do Sul",51995080094,Água,Não informado,-29.3646459,-51.6657692,Boa Vista do Sul
SINDICATO DOS METALURGICOS - BIGORNÃO - SÃO LEOPOLDO,"Rua Davi Canabarro, 10 - Morro Do Espelho - Rio Grande do Sul",Não informado,Água,Não informado,-29.7801154,-51.1393731,São Leopoldo
LAR SANTA ELISABETE / COLÉGIO SÃO JOSÉ - SÃO LEOPOLDO,"Rua Mauá, 980 - Centro - Rio Grande do Sul",Não informado,Água,Não informado,-28.6298695,-53.0924768,Ibirubá
ESCOLA IRMÃO WEIBERT - SÃO LEOPOLDO,"Av. João Corrêa S/n, São Leopoldo - Rio Grande do Sul",Não informado,Água,Não informado,-29.771974,-51.1515106,São Leopoldo
PIQUETE ACAMPAMENTO ATGF - SÃO LEOPOLDO,"Rua Otto Daudt, 831 - São Geraldo - Feitoria - Rio Grande do Sul",Não informado,Água,Não informado,-29.7476594,-51.0991697,São Leopoldo
PARÓQUIA NOSSA SENHORA APARECIDA - SÃO LEOPOLDO,"Av. Parobé, S/n - Scharlau - Rio Grande do Sul",Não informado,Água,Não informado,-29.7266851,-51.1596456,São Leopoldo
PARÓQUIA DA VILA ELZA - SÃO LEOPOLDO,"Rua Amaro Cavalcante, 1 - Arroio Da Manteiga - Rio Grande do Sul",Não informado,Água,Não informado,-29.7314729,-51.1703392,São Leopoldo
COLÉGIO RONDÔNIA - CANOAS,"Av. A.j. Renner, 211 - Estância Velha - Rio Grande do Sul",51998111134,Água,Não informado,-29.9258918,-51.1467043,Canoas
ABRIGO DA GRUTA,"Rua Da Gruta, 240 - Glória - Rio Grande do Sul",Não informado,Água,Não informado,-30.0837038,-51.1893198,Porto Alegre
COMPLEXO LIBERTAD - CANOAS,"R. Araguaia, 335 - Igara, Canoas - Rs, 92410-001 - Rio Grande do Sul",51996881066,Água,Não informado,-29.9018183,-51.1737975,Canoas
SESI - SÃO LEOPOLDO,"Rua Alberto Scherer, 743 - Jardim América - Rio Grande do Sul",Não informado,Água,Não informado,-29.7755717,-51.13120139999999,São Leopoldo
COLÉGIO LEONARDO DA VINCI - CANOAS,"R. Aurora, 695 - Mal. Rondon, Canoas - Rio Grande do Sul",51991994373,Água,Não informado,-29.9103979,-51.1738952,Canoas